,0
,4234350
by,2673947
from,1453626
ft,1452653
2-pt,1127322
shot,1110915
jump,1094730
makes,1051167
misses,978487
rebound,957914
j.,781386
2,678565
defensive,648341
d.,628367
of,585647
3-pt,470508
free,431824
throw,431824
m.,427507
(assist,415437
game,409441
for,409071
enters,409071
the,409071
1,408112
a.,397936
foul,394068
layup,393266
k.,389341
t.,381275
(drawn,378005
r.,351994
offensive,345396
c.,322895
turnover,271723
b.,257419
s.,231809
l.,229027
shooting,183673
g.,179109
team,174147
p.,149336
e.,148786
n.,145636
rim,145177
at,145177
quarter,144524
steal,143512
personal,138733
25,135150
timeout,123699
(bad,119333
full,101084
26,100909
(block,96490
3,90918
pass;,88668
24,82121
w.,78926
dunk,77727
end,75740
williams,72266
start,70809
23,69343
i.,63959
(lost,59218
green,55363
ball;,54721
johnson,53737
h.,53077
z.,50377
20,49743
hook,48536
18,48344
smith,46341
19,46255
17,43798
4,43009
27,41989
16,39786
5,38171
2nd,37848
3rd,37678
6,37311
davis,36856
4th,36427
(offensive,35774
o.,35731
f.,35194
foul),34939
1st,34596
7,34462
thompson,32902
15,32716
8,32640
harris,32375
vs.,32351
ball:,32351
young,32131
gasol,31783
james,31205
possession),31010
gains,31010
pass),30665
v.,30527
jackson,30047
ball,29329
22,29113
9,28702
14,28226
allen,28188
brown,28069
21,27890
howard,27850
10,27165
lopez,26767
ball),26576
12,26232
13,25809
11,25333
jones,24901
westbrook,24811
gordon,24614
hill,24340
anthony,24051
loose,23577
durant,23366
morris,23144
curry,22873
lee,22821
thomas,22585
jefferson,22269
butler,22213
holiday,21117
martin,21077
harden,20979
barnes,20913
parker,20571
aldridge,20279
chandler,20117
miller,19740
anderson,19727
technical,19331
paul,18933
(traveling),18864
williams),18695
carter,18472
evans,18312
derozan,17896
randolph,17660
millsap,17356
wade,17285
antetokounmpo,17148
robinson,17026
horford,16729
lowry,16717
west,16632
george,16588
love,16485
nowitzki,16314
gay,16199
turner,16043
walker,16008
tip-in,15922
28,15921
jordan,15653
crawford,15647
booker,15604
bryant,15584
violation,15458
wright,15361
richardson,15040
leonard,14990
collison,14956
wallace,14834
vučević,14618
griffin,14594
gibson,14577
lillard,14550
ibaka,14526
official,14476
conley,14475
cousins,14404
drummond,14169
q.,14165
duncan,14086
iguodala,13386
murray,13296
brooks,13100
bosh,12917
bogdanović,12895
rondo,12701
powell,12649
brewer,12464
valančiūnas,12409
irving,12407
pierce,12279
dragić,12188
green),12170
plumlee,12139
beal,12133
lost,11976
jokić,11771
rose,11722
gobert,11707
prince,11663
beasley,11628
ariza,11553
johnson),11524
wiggins,11354
favors,11325
hayward,11311
towns,11293
middleton,11223
(shot,11219
clock),11219
ellis,11206
wall,11197
teague,11109
randle,11069
y.,11056
batum,11052
gortat,11001
boozer,10855
scola,10809
smith),10738
bledsoe,10720
freedom,10712
adams,10644
redick,10633
simmons,10604
ginóbili,10537
noah,10518
matthews,10510
deng,10506
mccollum,10491
collins,10439
(out,10435
bounds,10433
james),10415
stoudemire,10390
gallinari,10322
monroe,10218
porter,10109
zeller,10058
hibbert,10057
hilário,9993
garnett,9889
okafor,9727
i̇lyasova,9724
felton,9678
grant,9583
augustin,9454
korver,9381
mcgee,9362
embiid,9303
pachulia,9241
tucker,9160
schröder,9121
o'neal,9068
watson,9051
ross,9035
diaw,9024
hayes,9017
capela,8911
take,8910
crowder,8870
paul),8867
bradley,8823
mitchell,8820
belinelli,8798
rubio,8782
gasol),8779
davis),8778
bynum,8703
terry,8667
thornton,8633
hawes,8631
bogut,8608
clarkson,8557
whiteside,8492
bass,8426
stuckey,8388
tatum,8326
jack,8278
world,8252
westbrook),8244
nelson,8197
olynyk,8191
lavine,8184
miles,8170
new,8143
second,8126
bridges,8074
mills,8049
aminu,8044
fournier,8015
mbah,7881
a,7881
carroll,7871
barea,7847
afflalo,7828
biyombo,7827
smart,7827
dudley,7824
jennings,7800
white,7795
sabonis,7795
marion,7791
harris),7761
perkins,7737
jamison,7731
oladipo,7682
caldwell-pope,7645
frye,7641
hardaway,7585
sessions,7561
covington,7549
mayo,7543
burks,7533
(kicked,7492
barton,7485
odom,7451
sefolosha,7442
harden),7437
u.,7426
nurkić,7410
cunningham,7377
graham,7376
granger,7353
dalembert,7322
porziņģis,7320
chalmers,7287
calderón,7280
young),7279
bazemore,7265
russell,7256
washington,7248
rivers,7241
lawson,7199
knight,7120
la,7078
hamilton,7052
bargnani,7013
foye,7010
dončić,6988
siakam,6983
jackson),6983
joseph,6969
speights,6941
humphries,6931
faried,6865
moore,6840
payton,6835
hickson,6816
dunleavy,6742
türkoğlu,6735
moute,6702
portis,6683
dieng,6670
hield,6664
len,6654
curry),6651
lamb,6620
blatche,6606
peace,6594
howard),6585
lowry),6578
lewis,6569
patterson,6559
landry,6554
adebayo,6547
holiday),6497
beverley,6457
ingram,6456
rozier,6450
kaman,6387
durant),6374
stephenson,6316
oubre,6302
koufos,6292
ellington,6250
daniels,6239
ingles,6171
udrih,6110
haslem,6093
salmons,6084
harrington,6081
harkless,6079
block,6063
ö.,6048
29,6036
brand,6009
butler),6000
lin,5998
varejão,5989
hinrich,5978
henderson,5964
hill),5922
bayless,5909
livingston,5888
bounds),5848
(step,5846
out,5846
parker),5821
mahinmi,5815
temple,5809
fox,5808
nash,5800
jones),5797
harrell,5793
rondo),5791
villanueva,5783
allen),5751
gooden,5732
barbosa,5706
gordon),5704
goaltending),5671
dinwiddie,5669
charge,5583
hernangómez,5545
kuzma,5529
noel,5526
jerebko,5526
brown),5524
thompson),5518
bell,5497
kidd,5488
parsons,5468
miller),5436
billups,5418
casspi,5415
fisher,5405
tolliver,5403
wade),5378
dedmon,5342
conley),5338
waiters,5305
thomas),5279
anthony),5271
hood,5269
camby,5262
mclemore,5247
carter-williams,5230
ayton,5229
kidd-gilchrist,5220
mason,5190
aşık,5168
murphy,5162
ridnour,5152
poeltl,5108
cook,5088
šarić,5052
brogdon,5034
blake,4994
derozan),4985
lopez),4984
shumpert,4974
maggette,4960
arthur,4960
morrow,4956
clark,4954
andersen,4950
antetokounmpo),4926
baynes,4904
henson,4901
wall),4896
vanvleet,4865
scott,4864
mozgov,4826
lillard),4796
meeks,4793
ennis,4790
cauley-stein,4761
maxiell,4756
burke,4741
battier,4721
mcdermott,4719
holmes,4714
markkanen,4713
rush,4672
mcconnell,4647
zubac,4638
warren,4622
kirilenko,4622
forbes,4618
blair,4609
levert,4601
nance,4577
morris),4573
iguodala),4567
lee),4564
(def,4551
house,4534
gilgeous-alexander,4525
mirotić,4522
price,4490
roy,4472
walker),4470
outlaw,4465
finney-smith,4461
carter),4453
hansbrough,4439
splitter,4437
bonner,4434
martin),4391
webster,4365
bjelica,4364
lyles,4357
snell,4310
collison),4304
evans),4298
george),4289
haywood,4284
vásquez,4278
ilgauskas,4269
winslow,4223
teague),4210
farmar,4190
millsap),4189
hart,4176
bryant),4172
morant,4171
barnes),4171
o'neale,4170
(j.,4164
okur,4153
boston,4151
dallas,4133
mcdaniels,4082
bibby,4079
griffin),4071
kaminsky,4068
west),4036
jefferson),4025
aldridge),4018
miami,4012
neal,4002
rubio),3996
o'quinn,3990
mack,3985
looney,3969
sullinger,3966
dragić),3964
philadelphia,3957
warrick,3942
biedriņš,3940
edwards,3915
brunson,3901
wallace),3896
anunoby,3890
connaughton,3854
memphis,3843
sexton,3843
barrett,3842
antonio,3840
san,3840
(d.,3839
peković,3837
turner),3825
muscala,3822
payne,3818
mohammed,3814
indiana,3796
galloway,3788
horford),3768
crawford),3767
chicago,3766
garcía,3765
portland,3762
mcdyess,3753
gomes,3748
dellavedova,3748
booker),3739
diallo,3731
anderson),3722
huerter,3713
sec,3711
atlanta,3692
crabbe,3674
robinson),3667
cleveland,3660
tech,3656
wright),3656
city,3655
oklahoma,3655
toronto,3654
bertāns,3652
bledsoe),3643
ellis),3641
sec),3636
delfino,3634
chandler),3631
cousins),3627
kleber,3625
osman,3617
orlando,3615
irving),3610
mcroberts,3605
denver,3603
clippers,3599
golden,3582
state,3582
def,3577
detroit,3573
minnesota,3569
hollis-jefferson,3561
mcgrady,3554
leonard),3549
murray),3548
gee,3546
bullock,3543
jokić),3540
charlotte,3538
milwaukee,3537
theis,3528
séraphin,3514
cole,3506
budinger,3495
hunter,3480
lakers,3479
sacramento,3464
monk,3460
york,3451
ginóbili),3422
pierce),3409
rose),3407
mudiay,3394
wood,3391
(3,3389
phoenix,3361
felton),3349
nowitzki),3347
hollins,3326
x.,3324
orleans,3324
gay),3312
jordan),3302
piétrus,3294
hayward),3290
richardson),3282
duncan),3263
houston,3257
wagner,3252
craig,3251
amundson,3242
simmons),3240
kleiza,3239
douglas,3232
replay,3228
watson),3228
instant,3228
turiaf,3218
telfair,3218
vonleh,3215
beal),3206
satoranský,3186
wilcox,3181
love),3174
batum),3165
utah,3160
garland,3155
augustin),3147
taylor,3147
stands),3145
nocioni,3138
harrison,3136
brewer),3122
randolph),3121
herro,3083
chriss,3079
kennard,3048
nash),3036
brooks),3029
calderón),2995
ming,2990
vujačić,2960
jeffries,2955
poole,2951
przybilla,2937
leuer,2927
iverson,2925
stevenson,2912
dooling,2911
neto,2909
napier,2891
lawson),2885
gobert),2879
radmanović,2877
gibson),2877
dampier,2873
30,2858
wilkins,2856
stojaković,2847
petro,2836
bogans,2830
teletović,2823
singler,2822
mann,2820
ariza),2817
alston,2806
jack),2803
hezonja,2801
melton,2792
drummond),2790
posey,2784
mobley,2784
miličić,2784
jianlian,2776
plumlee),2770
nelson),2762
shamet,2741
smart),2738
ford,2723
krstić,2721
duhon,2719
chalmers),2715
dunn,2712
bosh),2698
middleton),2689
noah),2683
schröder),2674
boucher,2657
sanders,2654
bagley,2644
stauskas,2643
roberson,2633
flagrant,2631
bembry,2603
jennings),2602
foster,2590
acy,2588
barea),2574
ruling,2568
bogdanović),2564
kidd),2563
hilário),2563
luwawu-cabarrot,2563
trent,2558
udoh,2546
clarke,2541
sessions),2541
divincenzo,2538
ajinça,2537
wiggins),2531
powell),2525
(t.,2524
gallinari),2521
vučević),2520
walton,2506
bazley,2495
pargo,2490
matthews),2490
randle),2484
towns),2484
marshall,2480
game),2477
(delay,2477
bamba,2467
ibaka),2466
redd,2465
prince),2457
simons,2449
moon,2449
gray,2431
mcguire,2426
motiejūnas,2422
stuckey),2413
brooklyn,2413
niang,2410
fernández,2400
bane,2384
grant),2383
flynn,2374
payton),2371
pondexter,2361
embiid),2361
birch,2354
muhammad,2348
diaw),2339
korkmaz,2325
babbitt,2319
bey,2306
(m.,2300
frazier,2299
dončić),2291
(r.,2288
mccollum),2285
dort,2282
adams),2280
caruso,2275
marjanović,2272
deng),2263
roberts,2257
songaila,2250
okogie,2247
mitchell),2240
fields,2239
canaan,2237
nicholson,2229
hughes,2222
redick),2220
mcgruder,2215
milton,2208
(k.,2204
hibbert),2196
knight),2188
monroe),2186
ferrell,2177
reed,2174
russell),2165
tate,2163
lin),2145
goodwin,2142
favors),2134
arenas,2126
bynum),2126
exum,2125
williamson,2124
joseph),2122
terry),2120
oladipo),2105
garnett),2103
fox),2103
reid,2103
nwaba,2100
novak,2086
gortat),2085
porter),2081
bogut),2076
singleton,2075
stoudemire),2074
ntilikina,2074
(request:,2053
aldrich,2051
udrih),2048
white),2046
daye,2039
(c.,2039
hachimura,2030
maker,2030
greene,2029
lavine),2025
overtime,2025
haliburton,2020
valentine,2016
collins),2015
valančiūnas),2008
azubuike,1997
sims,1996
stewart,1990
larkin,1987
knox,1975
vanderbilt,1970
finley,1967
billups),1966
scola),1950
o'neal),1949
pavlović,1949
zeller),1944
maxey,1943
pachulia),1936
ivey,1932
beverley),1913
hinrich),1901
tucker),1894
mills),1889
rodríguez,1884
sabonis),1883
nunn,1882
sampson,1882
dinwiddie),1879
kapono,1870
gafford,1867
crowder),1862
korver),1862
bridges),1844
bacon,1844
ezeli,1843
dudley),1842
mayo),1838
hayes),1837
mcconnell),1835
ingles),1832
burks),1823
boone,1817
tatum),1817
olynyk),1816
livingston),1814
armstrong,1812
reddish,1812
ingram),1806
boozer),1805
i̇lyasova),1797
fournier),1795
carter-williams),1794
(a.,1789
douglas-roberts,1784
adebayo),1783
belinelli),1781
ridnour),1778
beasley),1773
foye),1767
türkoğlu),1765
quickley,1764
barton),1758
maynor,1758
mullens,1758
jenkins,1756
mcgee),1740
black,1732
achiuwa,1732
clarkson),1729
okafor),1724
eubanks,1720
isaac,1720
dorsey,1715
vanvleet),1712
blake),1710
felício,1710
powe,1707
wroten,1706
siakam),1706
odom),1705
iwundu,1704
thybulle,1703
vassell,1701
prigioni,1700
bazemore),1700
dotson,1698
szczerbiak,1696
lauvergne,1687
childress,1679
alexander-walker,1665
nesterović,1663
graham),1663
peace),1658
sefolosha),1655
sloan,1650
fultz,1648
hartenstein,1647
bowen,1645
rivers),1638
whiteside),1637
bayless),1633
thornton),1627
tinsley,1624
dribble),1623
henry,1622
udoka,1620
diop,1613
ojeleye,1607
nurkić),1605
rozier),1604
hawes),1604
mykhailiuk,1601
paschall,1600
bender,1593
bradley),1592
caldwell-pope),1591
covington),1584
avdija,1583
horton-tucker,1583
salmons),1580
kirilenko),1578
granger),1571
fisher),1571
biyombo),1568
aminu),1560
kilpatrick,1555
stiemsma,1555
(poss.,1543
freedom),1528
(l.,1528
stephenson),1526
dunleavy),1524
carney,1514
okoro,1510
stackhouse,1506
shved,1503
afflalo),1502
hamilton),1499
morant),1492
oberto,1490
capela),1483
hardaway),1482
henderson),1468
nájera,1465
(b.,1464
mccants,1463
şengün,1458
mejri,1456
ross),1455
path,1454
clear,1454
porziņģis),1450
perkins),1438
fredette,1437
carroll),1434
brogdon),1430
miles),1429
temple),1428
beaubois,1427
sacre,1425
marion),1423
roby,1418
gilgeous-alexander),1418
roy),1416
dieng),1413
wanamaker,1412
31,1411
lewis),1404
price),1394
jersey,1394
(s.,1392
daniels),1387
adrien,1381
claxton,1379
jamison),1372
moore),1372
strus,1369
bass),1369
blatche),1363
vásquez),1361
lamb),1359
weems,1356
labissière,1355
á.,1348
gadzuric,1341
three,1340
seconds,1340
harrell),1336
layman,1334
bargnani),1330
arcidiacono,1330
noel),1329
court),1326
(back,1326
head,1320
arroyo,1315
ferguson,1300
levert),1297
camby),1296
parsons),1293
faried),1286
battier),1286
cunningham),1286
oden,1284
kelly,1284
dekker,1282
bell),1280
okeke,1280
thabeet,1274
pokusevski,1273
lucas,1272
(g.,1266
andersen),1266
maledon,1261
bates-diop,1260
frye),1256
antić,1256
brunson),1252
vaughn,1250
giddey,1248
barbosa),1241
satoranský),1239
peterson,1236
varejão),1227
burke),1226
harpring,1223
brand),1221
bitadze,1216
mathews,1214
bibby),1211
ayres,1211
pritchard,1208
little,1203
mack),1203
hampton,1203
nader,1203
humphries),1196
vincent,1193
law,1189
waiters),1186
oubre),1182
moute),1179
maggette),1178
nowell,1176
ayón,1176
toppin,1175
okongwu,1175
abrines,1173
mckinnie,1171
mahinmi),1169
iverson),1169
landry),1166
ulis,1165
copeland,1164
mccaw,1164
mccallum,1162
dalembert),1162
culver,1162
farmar),1159
campazzo,1156
harkless),1155
selden,1154
giles,1148
wilson,1146
mcgrady),1145
hield),1132
kornet,1132
wafer,1129
konchar,1128
metu,1122
shumpert),1119
telfair),1116
kaman),1116
duhon),1115
cardinal,1115
brissett,1114
boykins,1113
kurucs,1111
dellavedova),1110
o'bryant,1106
toscano-anderson,1106
hassell,1102
len),1102
dosunmu,1101
hairston,1100
elson,1099
speights),1097
(challenge:,1092
patterson),1088
kuminga,1085
quinn,1073
jarić,1070
garland),1067
withey,1065
poeltl),1065
(p.,1064
hickson),1058
veselý,1050
nance),1048
henson),1047
magloire,1045
bennett,1040
harrington),1035
mason),1035
battie,1034
freeland,1033
jerome,1026
sumner,1021
calathes,1017
iii,1009
coffey,1003
payne),997
casspi),985
kidd-gilchrist),982
tillman,978
samuels,976
ratliff,965
gooden),964
kuzma),964
cauley-stein),959
tolliver),956
hernangómez),955
balkman,955
maxiell),954
hart),953
hood),951
ford),951
ellington),950
barron,947
mudiay),943
de,942
delaney,942
wells,937
žižić,936
splitter),935
(discontinued,933
cole),932
o'neale),930
šarić),928
turiaf),928
sexton),928
trier,924
spellman,923
alston),923
winslow),922
koufos),920
ennis),919
frazier),917
harrison),916
mclaughlin,914
napier),913
nwora,912
aşık),911
murphy),903
suggs,900
garcía),899
dunn),894
meeks),894
(palming),887
haslem),884
neto),884
dozier,882
o'quinn),879
hyland,876
dooling),875
zubac),873
mcroberts),872
bjelica),871
hollis-jefferson),869
portis),863
jerebko),862
skinner,862
blount,858
holmes),856
hansbrough),854
stevens,851
(e.,847
nesmith,844
douglas),843
dedmon),842
navarro,838
reaves,836
pressey,831
haliburton),829
mclemore),826
barrett),825
hutchison,825
bonga,820
finney-smith),819
ayton),819
mirotić),817
webster),817
anunoby),814
haywood),813
huerter),813
diener,810
nachbar,807
brockman,804
delfino),800
edwards),799
crittenton,799
rabb,798
mozgov),797
melli,796
baynes),793
duarte,788
marshall),787
swift,785
doumbouya,784
warrick),783
house),781
32,778
warren),777
arthur),777
rush),776
mcrae,773
robinson-earl,773
type,773
osman),772
melton),767
markkanen),765
looney),763
kispert,760
wagner),759
clark),759
outlaw),759
villanueva),759
kaminsky),756
liggins,754
galloway),752
watanabe,750
gabriel,750
poole),746
whitehead,746
christopher,745
okur),744
cassell,744
scalabrine,741
colo,740
caruso),739
haddadi,739
(turnover),738
wood),736
flynn),735
thornwell,730
washington),730
biedriņš),729
zipser,727
pecherov,720
ilunga-mbenga,718
gee),715
morrow),715
okobo,708
nogueira,707
stoudamire,705
lyles),703
mcdaniels),703
dixon,698
gaines,693
monk),691
snell),691
(dbl,690
jeffries),684
prigioni),684
taylor),682
forbes),682
walton),680
kleber),679
fesenko,677
larkin),671
cook),668
tinsley),667
blair),665
theis),665
watford,664
diogu,660
(jump,660
neal),660
diallo),658
peković),657
sullinger),655
ming),651
hunter),650
hollins),650
ely,646
fernando,645
scott),645
leaf,641
arenas),638
teodosić,635
amundson),620
rodríguez),615
wilkins),613
udoh),612
langford,612
ferrell),612
chriss),612
fernández),612
roberts),612
herro),612
rudež,608
marks,608
mcdyess),607
alvarado,606
nnaji,605
gomes),602
stevenson),601
away,601
play,601
mobley),600
(n.,599
connaughton),599
bembry),595
wiseman,593
gill,592
bullock),591
tyler,590
barry,586
muscala),585
redd),582
davies,581
caboclo,577
mcdermott),577
double,576
wolters,575
and,575
ilgauskas),575
miličić),573
budinger),572
bertāns),569
sharpe,568
vujačić),566
blakeney,564
piétrus),563
ntilikina),559
okogie),559
lue,558
elleby,558
divincenzo),556
bogans),555
weaver,555
hughes),555
kennard),553
mohammed),553
hummel,551
mann),549
sloan),549
crabbe),548
buckner,548
bonner),547
roberson),545
pargo),543
dampier),543
douby,542
fultz),534
nocioni),534
garrett,533
maynor),532
richards,532
mcadoo,531
sanders),530
stauskas),528
goodwin),528
clarke),527
yurtseven,526
posey),525
hezonja),517
bol,516
williamson),516
baker,511
ollie,510
exum),509
shamet),506
banton,505
dort),504
milton),504
moon),504
moody,501
silva,500
mulder,499
tate),499
fields),499
boucher),496
forrest,493
chiozza,491
harrellson,491
foster),490
diawara,489
wilcox),489
vonleh),489
primo,488
herrmann,486
canaan),486
hall,484
séraphin),483
thybulle),483
maxey),482
trent),480
joe,480
birch),477
bolden,477
aldama,476
moreland,475
wear,474
campazzo),474
craig),473
erden,471
motiejūnas),471
mcguire),469
ellenson,468
simons),466
kuzminskas,462
ukić,461
33,460
ivey),457
schofield,454
wanamaker),453
wroten),452
shved),452
banks,452
atkins,450
radmanović),450
alexander,450
waters,449
gafford),449
bazley),448
gelabale,448
bane),446
marbury,445
mclaughlin),445
singler),443
jianlian),443
bey),441
nwaba),440
papanikolaou,440
bamba),438
acy),437
swanigan,434
arroyo),429
landale,428
korkmaz),427
bagley),427
karasev,426
reid),425
leuer),424
songaila),424
ulis),423
mutombo,422
quickley),422
kleiza),420
windler,418
pinson,417
pondexter),416
przybilla),415
(lane),415
luwawu-cabarrot),408
vanderbilt),408
čančar,407
summers,406
uzoh,399
jeter,396
harangody,394
huertas,394
huestis,393
horton-tucker),393
brazdeikis,392
reed),391
foyle,391
arcidiacono),390
newble,390
hartenstein),390
eyenga,389
dickau,389
34,387
hudson,387
giriček,385
aldrich),383
richard,383
stojaković),383
maker),380
grimes,380
hilliard,379
şengün),379
ajinça),377
claver,377
alexander-walker),377
mcgruder),376
stewart),376
ebanks,375
douglas-roberts),373
mcinnis,372
bowman,371
buycks,371
ejected,370
horry,369
marjanović),367
croshere,366
morrison,364
powe),364
armstrong),363
azubuike),363
voskuhl,359
okpala,358
motley,357
early,356
beaubois),356
calathes),354
gray),354
boykins),353
teletović),353
quinn),353
okoro),351
singleton),351
maledon),348
hachimura),348
krstić),347
reddish),346
isaac),346
mathurin,344
jarić),344
vassell),342
mccallum),342
hoard,341
vincent),340
valentine),340
daye),340
poythress,338
eubanks),337
jenkins),337
greene),335
christon,335
pressey),335
childress),334
henry),333
moultrie,333
livers,333
40,332
felder,331
muhammad),331
may,331
kurz,330
nunn),329
solomon,328
(w.,327
petro),324
broekhoff,321
giddey),321
stiemsma),319
ezeli),318
cavanaugh,317
musa,317
sampson),314
roby),314
knox),314
niang),314
garuba,309
claxton),309
davidson,308
bender),307
pavlović),306
orton,306
mccullough,305
law),305
banchero,305
papagiannis,304
41,304
delaney),304
yabusele,303
iwundu),303
boone),302
mejri),301
bouknight,301
snyder,300
mykhailiuk),300
aldemir,300
head),300
sims),299
fredette),298
okeke),298
hampton),297
ruffin,297
bowen),295
paschall),293
kilpatrick),293
felício),293
avdija),292
stackhouse),292
dotson),292
mccants),291
burton,291
owens,290
mccaw),290
mathews),289
(off,289
baldwin,287
toscano-anderson),286
diener),286
eason,286
bacon),286
mays,286
raduljica,285
perry,284
35,283
faverani,283
sykes,283
mourning,282
mensah-bonsu,281
mamukelashvili,281
dorsey),279
nájera),279
weber,278
diop),277
pritchard),277
harpring),276
tillie,275
kelly),272
mcgary,271
dosunmu),271
39,271
diakite,270
pokusevski),269
bassey,269
guy,269
jawai,269
black),268
vaughn),268
suggs),266
szczerbiak),266
garza,265
nicholson),263
brezec,262
adrien),262
oni,261
nesterović),260
oden),260
babbitt),259
achiuwa),258
42,258
sacre),257
(5,256
lauvergne),255
mullens),255
jerome),254
krejci,254
christmas,253
labissière),253
(z.,252
cardinal),252
udoka),252
oberto),251
iii),249
ayón),249
36,248
bitadze),248
pelle,247
(i.,247
datome,246
goudelock,246
inbound,245
varnado,245
pasečņiks,244
brissett),244
highsmith,243
reaves),243
nix,242
culver),241
carney),240
brussino,240
jeffers,239
giles),239
gadzuric),238
duren,238
mickey,237
hauser,236
okongwu),232
withey),232
weems),231
finley),230
thabeet),229
kapono),229
38,228
50,228
blossomgame,228
roddy,227
kinsey,227
mcbride,227
collinsworth,227
briscoe,226
jacobsen,226
metu),225
seattle,224
long,224
kornet),222
konchar),222
nowell),220
alvarado),218
layman),216
48,216
pittman,216
wainright,215
gaines),214
cassell),213
37,213
hyland),212
coffey),212
veselý),212
trier),211
ferguson),211
peterson),210
selden),210
sumner),209
mihm,209
gillespie,208
nader),208
dozier),207
crittenton),207
koloko,206
higgins,205
46,205
guduric,205
sochan,204
44,203
colo),202
wafer),202
ojeleye),202
elson),201
navarro),201
toppin),200
kessler,199
nogueira),199
45,199
(inbound),198
balkman),198
nembhard,197
pruitt,195
little),195
strus),194
kuminga),194
murry,193
tillman),193
49,192
bates-diop),192
fazekas,192
novak),192
mcrae),191
wells),190
47,189
okobo),189
dekker),189
chiozza),189
bonga),189
ayres),187
stone,184
marble,184
liggins),183
dixon),183
english,182
copeland),181
ager,181
(illegal,180
christopher),180
antić),180
whitehead),179
singletary,179
clemons,179
samuels),177
(o.,177
ratliff),176
melli),176
43,176
blevins,175
(h.,175
baston,174
šamanić,174
thor,173
wolters),172
magloire),172
gutiérrez,171
mekel,170
skinner),169
ollie),169
(f.,168
morgan,166
mannion,166
booth,166
abrines),166
lafrentz,166
hassell),165
teodosić),165
baker),164
kurucs),162
thornwell),162
wilson),160
munford,160
violation.),160
(lane,159
selby,159
žižić),158
mac,158
duarte),158
king,157
kravtsov,157
hairston),155
51,155
kabengele,154
52,154
bennett),152
duke,152
garrity,149
hutchison),148
54,147
sarr,146
watkins,145
watford),144
o'bryant),142
scrubb,142
brockman),141
barron),141
huertas),141
stoudamire),140
spellman),140
(v.,139
marbury),139
cacok,138
atkins),138
weaver),138
lasme,137
fall,137
53,137
nachbar),137
langford),137
toupane,136
garrett),135
cooley,135
dickau),135
inbounds),134
freeland),134
battie),134
jeter),134
stokes,133
58,133
zipser),133
cotton,133
ahearn,132
nwora),132
reynolds,132
swift),132
weatherspoon,131
ndour,131
barry),131
rabb),131
doleac,130
haddadi),130
57,130
55,129
elleby),129
caracter,128
laravia,128
stanley,127
oturu,127
ilunga-mbenga),127
ely),126
ukić),126
screen),126
(8,125
drew,125
56,124
mcinnis),124
forrest),124
banks),124
uzoh),124
mckinnie),124
champagnie,124
giddens,124
watanabe),123
blount),122
stevens),122
dowdell,121
braun,121
eddie,121
spalding,120
nesmith),120
waters),120
carey,120
bairstow,119
fernando),119
caboclo),116
wayns,116
lue),116
ledo,116
almond,116
kalaitzakis,115
beauchamp,114
banton),114
gabriel),114
key,114
primo),112
jović,111
washburn,111
dyson,111
storey,110
(turnover;,110
snow,109
buckner),109
moreland),108
houstan,108
doumbouya),107
kispert),107
kuzmić,107
davies),107
pinson),106
robinson-earl),106
lemon,106
scalabrine),105
60,105
papanikolaou),104
bolmaro,104
fesenko),104
mcadoo),103
madsen,103
brantley,103
pollard,103
hall),103
patton,102
francis,102
uthoff,102
shengelia,102
douby),101
acker,101
oliver,100
ramsey,100
pickett,99
whittington,99
karl,99
hudson),99
gladness,98
siva,98
gardner,98
solomon),97
bol),97
peters,97
bowman),97
hammons,97
karasev),97
georges-hunt,96
deck,96
smailagić,95
christon),95
wigginton,95
buycks),95
harper,94
59,94
merrill,94
artis,93
kuzminskas),92
felder),92
purvis,92
gill),91
hilliard),91
bolomboy,91
nunnally,90
onuaku,90
diogu),90
horry),90
shakur,90
61,90
magette,89
wieskamp,89
strawberry,89
62,89
erden),88
louzada,88
holland,88
joe),87
alabi,87
nix),87
63,86
hicks,86
marks),86
silva),85
aldama),84
stepheson,84
landale),84
winston,84
yurtseven),84
brackins,84
macklin,84
tyler),84
mutombo),83
nnaji),82
hummel),82
simpson,82
leaf),81
rice,81
sene,80
poirier,80
eyenga),79
grimes),78
gravett,78
banchero),78
alexander),78
bone,78
rudež),78
richards),77
blakeney),77
dowtin,76
briscoe),75
queta,75
wiseman),75
pecherov),75
windler),74
bolden),72
samb,72
ware,71
dejean-jones,71
laprovíttola,71
boston),71
weber),71
snyder),71
baldwin),70
franklin,70
claver),69
owens),69
sharpe),69
n'diaye,68
sirvydis,68
rathan-mayes,68
musa),68
nedović,67
diawara),67
thompkins,67
siler,67
nembhard),66
68,66
adel,66
collinsworth),65
ellenson),65
65,65
70,65
giriček),65
wilks,65
69,65
omoruyi,65
mourning),64
swanigan),64
wear),64
čančar),63
gelabale),63
early),62
64,62
woodard,62
moody),62
stone),62
frahm,61
hoard),61
summers),61
mathurin),61
schofield),61
garuba),61
pangos,61
71,60
ruffin),60
orton),60
huestis),60
mokoka,59
terrell,59
queen,59
fitts,59
ebanks),58
doyle,58
foyle),58
may),57
bassey),57
motley),57
herrmann),57
croshere),56
harrellson),56
cain,56
qi,56
harangody),56
67,56
(u.,55
hinton,55
sykes),55
mathias,55
guy),55
gutiérrez),55
brazdeikis),54
eason),54
colson,54
assist),54
murry),54
garza),53
pasečņiks),53
brussino),53
blue,53
jeffers),53
krejci),53
branham,53
babb,52
mekel),52
(q.,52
yabusele),52
alkins,52
ochefu,52
kurz),51
gillespie),51
kaun,51
guduric),51
todd,51
augustine,51
derrickson,50
okpala),50
zimmerman,50
mcbride),50
(double,49
tillie),49
mannion),49
wainright),49
burton),49
(y.,48
tavares,48
higgins),48
davidson),48
drew),48
mays),47
cannady,47
khryapa,47
hervey,46
livers),46
morrison),46
mickey),46
richard),46
mihm),46
sochan),45
66,45
varnado),45
silas,45
raduljica),45
fontecchio,45
dowdell),44
papagiannis),44
poythress),44
mccullough),44
aldemir),44
baston),43
honeycutt,43
abdur-rahim,43
piatkowski,43
lecque,43
mensah-bonsu),43
bouknight),43
jawai),43
brezec),43
magette),42
inglis,42
mulder),42
marble),41
fortson,41
perović,41
mitrou-long,41
macon,40
pleiß,40
duren),40
faverani),40
hanging,40
pruitt),40
mcgowens,39
quarterman,39
broekhoff),39
newble),39
lane),39
cornelie,39
webb,38
moultrie),38
vinicius,38
kessler),38
sarr),38
ryan,37
francis),37
christmas),37
hannahs,37
diabaté,37
munford),37
clemons),37
dawson,37
christie,37
koloko),36
leslie,36
mamukelashvili),36
diakite),36
oni),35
cheatham,35
dentmon,35
rollins,35
simpson),35
stockton,35
clavell,34
73,34
loyd,34
duke),33
dyson),33
perry),33
goudelock),33
wigginton),33
šamanić),33
voskuhl),32
mcgary),32
delay,32
75,32
hauser),32
pelle),32
strawberry),32
78,31
nichols,31
thor),31
cavanaugh),31
kravtsov),31
lemon),31
byars,31
ahearn),31
fall),31
(ö.,31
kinsey),30
72,30
king),30
lafrentz),30
montero,30
webber,30
wayns),30
mané,30
taunting,29
potter,29
weatherspoon),29
snow),29
jerrett,29
77,29
mac),29
kalaitzakis),29
karl),29
english),29
80,28
booth),28
shengelia),28
brimah,28
bolmaro),28
violation),28
haislip,28
franks,28
giddens),27
singletary),27
selby),27
highsmith),27
lasme),27
patton),26
siva),26
wiltjer,26
jacobsen),26
pittman),25
blevins),25
79,25
stokes),25
jović),25
datome),25
lydon,24
conroy,24
morgan),24
fazekas),24
warney,24
kabengele),24
garbajosa,24
foote,23
74,23
long),23
creek,23
ager),23
ledo),23
storey),23
madsen),23
mccoy,23
southerland,23
ndour),23
springer,23
machado,23
rathan-mayes),23
toupane),22
dupree,22
key),22
caracter),22
shayok,22
hobson,22
hicks),22
cooke,22
deck),22
agbaji,22
cotton),21
champagnie),21
roddy),21
ubiles,21
sy,21
almond),21
garrity),20
blossomgame),20
wright-foreman,20
cacok),20
nurse,20
felix,20
dukan,20
melo,20
smailagić),20
gravett),20
brantley),20
82,20
bird,19
braun),19
whittington),19
gladness),19
oturu),19
laprovíttola),19
stanley),19
kerr,19
tobey,19
dejean-jones),19
wiley,19
mcgriff,19
76,18
spalding),18
purvis),18
watkins),18
lofton,18
cooley),18
shakur),18
scrubb),17
acker),17
darling,17
pons,17
yue,17
perrantes,17
reynolds),17
farmer,17
riller,17
winston),17
williams-goss,17
washburn),17
emmett,17
81,17
merrill),17
bairstow),17
doyle),16
hopson,16
83,16
carlisle,16
sneed,16
laravia),16
pollard),16
wilks),16
simonovic,16
(,16
welsh,16
anigbogu,16
carey),16
mcclung,15
lundberg,15
pangos),15
onuaku),15
ewing,15
sene),15
mcneal,15
kuzmić),15
dowtin),15
beauchamp),14
rice),14
kennedy,14
franklin),14
artis),14
cannady),14
donovan,14
cherry,14
hernandez,14
stockton),14
poirier),14
pippen,14
honeycutt),14
georges-hunt),14
omoruyi),13
dawkins,13
webber),13
queta),13
gbinije,13
gardner),13
appling,13
nunnally),13
hammons),13
mcgowens),13
garino,13
delgado,13
84,13
peters),13
costello,13
barlow,13
bone),12
sword,12
uthoff),12
ramsey),12
eddie),12
mathias),12
cleveland),12
fortson),12
tavares),12
holland),12
vildoza,12
samb),12
alabi),12
loyd),11
mcmillan,11
budenholzer,11
hinton),11
alkins),11
houstan),11
woodard),11
nedović),11
n'diaye),11
brackins),11
oliver),11
woods,11
barber,11
macklin),11
wieskamp),11
branham),11
(x.,11
spoelstra,11
cooper,11
no,11
zimmerman),10
newman,10
vogel,10
machado),10
lundberg),10
personal),10
colson),10
chealey,10
casey,10
ware),10
inglis),10
gentry,10
qi),10
doleac),10
johnson-odom,10
85,10
cousin,10
díaz,10
khryapa),10
augustine),9
rautins,9
siler),9
hobson),9
leslie),9
franks),9
mooney,9
hardy,9
harper),9
kaun),9
mokoka),9
pickett),9
stepheson),9
queen),9
quarterman),9
teske,8
caupain,8
paige,8
bolomboy),8
horner,8
dentmon),8
terrell),8
cherry),8
silas),8
preston,8
cain),8
blue),8
minott,7
thompkins),7
frahm),7
mitrou-long),7
atkinson,7
schakel,7
abdur-rahim),7
fizdale,7
hannahs),7
sirvydis),7
todd),7
popovich,7
york),7
clavell),7
(no;,7
lydon),7
87,7
perrantes),7
riller),6
stephens,6
piatkowski),6
conroy),6
boylen,6
clifford,6
williams-goss),6
malone,6
nichols),6
norvell,6
akognon,6
bird),6
potter),6
mcneal),6
ayayi,6
finch,5
macon),5
ochefu),5
adel),5
hervey),5
pons),5
mathiang,5
gundy,5
borrego,5
lecque),5
van,5
huff,5
barber),5
wiltjer),5
mika,5
86,5
unsport,5
hernandez),5
brimah),5
non,5
fontecchio),5
dickens,5
bhullar,5
davison,5
(á.,5
jerrett),4
lofton),4
vinicius),4
ohlbrecht,4
kirk,4
saunders,4
sy),4
costello),4
mané),4
vildoza),4
allred,4
babb),4
(score,4
diabaté),4
springer),4
christie),4
felix),4
basket),4
opp.,4
(punched,4
maten,4
in,4
88,4
d'antoni,4
akoon-purcell,4
melo),4
foul;,4
stotts,4
cheatham),3
timeout),3
wiley),3
emmett),3
elbows),3
(swinging,3
hagans,3
(excessive,3
huff),3
norvell),3
pullen,3
mccree,3
wright-foreman),3
simonovic),3
ewing),3
caupain),3
byars),3
creek),3
cornelie),3
mcclung),3
grantham,3
wesley,3
schakel),3
ayayi),3
chealey),3
buchanan,3
mazzulla,3
dawson),3
pleiß),3
),3
cumberland,3
swider,3
mooney),3
ryan),3
perović),3
rautins),3
duval,3
o'brien,3
anigbogu),3
macura,3
darling),3
mcgriff),3
thibodeau,3
agbaji),3
ubiles),2
montero),2
haislip),2
preston),2
(no),2
hearn,2
(enter,2
hopson),2
seabron,2
webb),2
barlow),2
warney),2
fitts),2
basket,2
sword),2
below),2
rollins),2
lucas),2
newman),2
kirk),2
kokoskov,2
derrickson),2
shayok),2
buchanan),2
foote),2
bjorkgren,2
kennedy),2
palmer,2
hudgins,2
moneke,2
violation.;,2
díaz),2
excess,2
cooke),2
garbajosa),2
89,2
akoon-purcell),2
mccall,2
mccall),2
woods),2
dupree),2
ponds,2
hardy),2
minott),2
appling),1
lawal,1
paige),1
dukan),1
benson,1
mccree),1
tobey),1
johnson-odom),1
welsh),1
dickens),1
delgado),1
davison),1
delaurier),1
delaurier,1
swider),1
boeheim,1
jent,1
unseld,1
hunt,1
kulboka,1
gilder),1
gilder,1
bentil,1
gbinije),1
longabardi,1
stephens),1
mathiang),1
macura),1
handy,1
sneed),1
sullivan,1
ponds),1
nori,1
punching,1
dawkins),1
mccoy),1
magnay,1
ohlbrecht),1
jarreau,1
bhullar),1
bentil),1
duval),1
myers,1
o'brien),1
